{"cameraMode":{"drawMode":0,"name":"Shaded","section":"Shading Mode"},"sceneLighting":true,"audioPlay":false,"sceneViewState":{"showFog":true,"showMaterialUpdate":false,"showSkybox":true,"showFlares":true,"showImageEffects":true,"showParticleSystems":true},"in2DMode":false,"pivot":{"x":-1.3567352294921876,"y":2.9119977951049806,"z":-12.821261405944825},"rotation":{"x":0.21909762918949128,"y":-0.09699969738721848,"z":0.021899854764342309,"w":0.9706223011016846},"size":12.97069263458252,"orthographic":false}