{"cameraMode":{"drawMode":0,"name":"Shaded","section":"Shading Mode"},"sceneLighting":true,"audioPlay":false,"sceneViewState":{"showFog":true,"showMaterialUpdate":false,"showSkybox":true,"showFlares":true,"showImageEffects":true,"showParticleSystems":true},"in2DMode":false,"pivot":{"x":-0.20843642950057984,"y":2.5816545486450197,"z":2.5654244422912599},"rotation":{"x":0.035296596586704257,"y":0.07697207480669022,"z":-0.0027230866253376009,"w":0.9964045882225037},"size":15.43313980102539,"orthographic":false}